Q100824625,0.5
Q100825776,0.0
Q100828934,0.0
Q100832242,0.0
Q101481413,0.0
Q1019016,0.0
Q1019029,0.0
Q102044122,0.0
Q102180722,0.0
Q102442505,0.0
Q102641,4.0
Q1029622,0.0
Q103165,0.0
Q1032742,0.0
Q103519,0.0
Q103523,0.0
Q1035894,1.5
Q103710,0.5
Q103972,0.5
Q104032664,0.0
Q104123386,0.0
Q104123451,0.0
Q104124233,0.0
Q104139464,0.0
Q1045665,1.5
Q104831252,0.0
Q105324304,0.5
Q105331,0.0
Q105426,1.0
Q105676,0.0
Q106009196,0.0
Q106009197,0.0
Q106009203,0.0
Q106009205,0.0
Q106020252,2.0
Q106033,2.0
Q106044682,0.5
Q106240011,0.0
Q106291673,0.0
Q106307248,0.0
Q106395169,0.0
Q106523293,0.0
Q106635078,0.0
Q106807099,0.0
Q106828783,0.5
Q106870250,0.0
Q106938,0.0
Q106962364,0.5
Q107009776,0.5
Q107021,1.0
Q107105777,0.5
Q107284337,0.0
Q107285317,0.0
Q107303327,0.5
Q107305013,0.0
Q107305149,1.5
Q107305353,0.5
Q107355425,0.0
Q107449933,0.0
Q107468226,0.0
Q107548754,2.5
Q1079744,0.0
Q107989,3.5
Q1080069,0.0
Q1080106,0.0
Q1080321,0.5
Q108057136,0.5
Q1080853,0.0
Q108128858,2.5
Q1081494,0.0
Q108168316,0.0
Q108177929,0.5
Q10819807,0.0
Q1083405,0.5
Q1083465,0.0
Q108447,0.0
Q108459625,0.0
Q108475469,0.0
Q10853676,0.0
Q10854133,1.0
Q108571734,0.0
Q10857406,0.0
Q1086155,2.0
Q108662794,2.5
Q108701749,0.0
Q108702196,0.0
Q108702403,0.0
Q108703331,0.0
Q108703579,0.0
Q108704318,0.0
Q108704531,5.5
Q108704684,0.0
Q108705294,1.5
Q108705691,1.0371000000000001
Q108705697,0.0
Q108705703,0.0
Q108705707,0.0
Q108705712,1.0
Q108705715,0.5
Q108705721,0.0
Q108705784,1.5
Q108705838,6.5
Q108705953,1.0
Q108706345,0.0
Q108706759,0.0
Q108707615,0.0
Q108708650,0.0
Q108708654,0.5
Q108708881,0.0
Q108708895,0.0
Q108708990,0.0
Q108709302,0.0
Q108710143,0.0
Q108711876,0.0
Q108711880,2.5
Q108713708,0.0
Q108713725,0.5
Q108714131,0.0
Q108714276,0.0
Q108714556,0.0
Q108714733,0.0
Q108717287,0.0
Q108717683,0.0
Q108718220,0.0
Q108718714,1.0
Q108726254,0.5
Q108726839,0.5
Q108731005,0.5
Q108731156,0.0
Q108731286,0.0
Q108731862,0.5
Q108731873,1.5
Q108733090,0.5
Q108733098,0.5
Q108733118,0.0
Q108733120,0.0
Q108733123,0.0
Q108733370,0.0
Q108733371,0.5
Q108733806,0.5
Q108733887,0.5
Q108734080,0.0
Q108734306,1.5
Q108734308,1.0
Q108735609,0.0
Q108735712,0.5
Q108736132,5.0
Q108736333,1.0
Q108736876,0.0
Q108736990,2.5
Q108737089,0.0
Q108737820,2.5
Q108737824,0.5
Q108737896,0.0
Q108738181,0.0
Q108738246,1.5
Q108738695,0.0
Q108741706,1.5
Q108741709,0.0
Q108742673,0.0
Q108743322,0.0
Q108743598,0.0
Q108746963,0.0
Q108749591,0.0
Q108750994,0.0
Q108752434,0.0
Q108752709,2.5
Q108753147,0.0
Q108753285,0.0
Q108753543,0.5
Q108753705,0.0
Q108753932,0.0
Q108754086,0.5
Q108754671,0.0
Q108755291,0.5
Q108755811,0.0
Q108755876,0.0
Q108756011,0.0
Q108756068,0.0
Q108756123,1.0
Q108756191,0.0
Q108756255,5.0
Q108756275,0.0
Q108756331,1.0
Q108756352,0.0
Q108756599,0.0
Q108756628,0.0
Q108756657,0.0
Q108756661,0.0
Q108756685,0.0
Q108756724,1.0
Q108756812,0.0
Q108756858,0.0
Q108756886,0.5
Q108756904,0.5
Q108756922,0.0
Q108756936,0.0
Q108756945,0.0
Q108757004,1.0
Q108757020,0.0
Q108757110,0.0
Q108757113,1.5
Q108757124,1.0
Q108757168,0.0
Q108757194,0.0
Q108757224,0.0
Q108757238,0.5
Q108757253,0.0
Q108757338,0.0
Q108757426,0.5
Q108757485,0.0
Q108757683,0.0
Q108757698,0.5
Q108757715,0.0
Q108757750,0.0
Q108757761,0.0
Q108757782,0.0
Q108757839,0.0
Q108757902,0.0
Q108757939,0.5
Q108757956,0.0
Q108757972,0.0
Q108757983,2.0
Q108757996,0.0
Q108758038,0.0
Q108758075,0.0
Q108758092,0.0
Q108758116,0.0
Q108758123,0.5
Q108760192,0.0
Q108760222,1.0
Q108760347,0.0
Q108760426,0.0
Q108760467,0.0
Q108760497,0.0
Q108760551,1.0
Q108760602,0.0
Q108760623,1.5
Q108823633,0.0
Q108853191,0.0
Q108854886,0.0
Q108872635,0.0
Q108872636,0.0
Q108872638,0.0
Q108872641,0.0
Q108872642,2.0
Q108872643,0.0
Q108872646,0.0
Q108872649,0.0
Q108872650,0.0
Q108872651,0.5
Q108872652,0.0
Q108872653,0.0
Q108872654,0.5
Q108872655,0.0
Q108872656,0.0
Q108872659,0.5
Q108872660,0.0
Q108875738,0.0
Q109043455,0.0
Q109309,2.0
Q109327807,0.0
Q109362,0.0
Q109560,0.0
Q10967294,0.0
Q109681600,0.0
Q109711972,0.0
Q109801673,0.0
Q109925,0.0
Q109969696,0.0
Q110421439,1.0
Q110464124,0.0
Q110502287,0.0
Q110626499,0.0
Q110634549,0.0
Q110863310,0.0
Q110934545,0.0
Q110998923,0.0
Q111160,0.0
Q111378729,0.0
Q111489,0.5
Q111620,0.0
Q111649,0.0
Q111685345,0.0
Q111699048,0.0
Q111816743,0.0
Q111974554,0.0
Q112040646,0.0
Q112079050,0.0
Q112110752,1.1360999999999999
Q112110960,0.5
Q112133647,0.0
Q112195562,0.0
Q112249169,0.5
Q112308110,1.0
Q112448632,0.0
Q112518535,0.0
Q112570805,0.0
Q112572505,0.5
Q112573886,0.0
Q112578758,0.0
Q112579260,0.0
Q112627089,0.0
Q112628313,0.0
Q112628915,0.0
Q112630808,0.0
Q112630933,0.0
Q112632770,0.0
Q112633707,0.0
Q112633721,0.0
Q112635071,0.0
Q112635139,0.0
Q112635145,0.0
Q112635154,0.0
Q112635222,0.0
Q112635593,0.0
Q112635717,0.0
Q112636212,0.0
Q112636598,0.0
Q112636857,0.0
Q112637266,0.0
Q112637395,0.0
Q112637681,0.0
Q112637819,0.0
Q112637895,0.0
Q112638039,0.0
Q112638094,0.0
Q112638162,0.0
Q112638213,0.0
Q112639136,0.0
Q112639241,0.0
Q112639321,0.0
Q112639617,0.0
Q112639678,0.0
Q112639781,0.0
Q112639913,0.0
Q112639975,0.0
Q112640278,0.0
Q112640513,0.0
Q112640893,0.5
Q112641003,0.0
Q112641115,0.0
Q112641192,0.0
Q112641269,0.5
Q112641406,0.5
Q112641449,0.0
Q112641543,0.0
Q112641643,0.0
Q112641655,0.0
Q112641704,0.0
Q112641729,0.0
Q112641764,0.0
Q112641851,0.0
Q112642037,0.0
Q112642209,0.0
Q112642303,0.0
Q112642381,0.0
Q112642540,0.0
Q112642707,0.0
Q112648926,0.0
Q112649548,0.0
Q112649553,0.0
Q112649590,0.0
Q112649617,0.5
Q112649716,0.0
Q112649766,0.0
Q112649848,0.0
Q112649913,0.0
Q112650053,0.0
Q112650093,0.0
Q112650360,0.0
Q112650362,0.0
Q112650363,1.0
Q112650404,0.0
Q112650407,0.0
Q112650438,0.0
Q112650448,0.0
Q112650572,0.0
Q112650653,0.0
Q112650690,0.5
Q112650708,0.0
Q112650744,0.0
Q112650781,0.0
Q112650795,0.5
Q112650830,0.0
Q112650841,0.0
Q112650871,0.0
Q112651131,0.0
Q112651173,0.0
Q112651177,0.0
Q112651320,0.0
Q112651333,0.5
Q112651358,0.0
Q112651418,0.0
Q112651457,0.0
Q112651467,0.0
Q112651481,0.0
Q112651488,0.0
Q112651523,0.0
Q112651528,0.0
Q112651536,0.5
Q112651552,0.0
Q112651641,0.0
Q112651732,0.0
Q112651749,0.0
Q112651770,0.0
Q112651844,0.0
Q112651884,0.0
Q112652013,0.0
Q112652262,0.0
Q112652319,0.0
Q112652345,0.0
Q112652351,0.0
Q112652414,0.0
Q112652467,1.0
Q112652488,0.0
Q112652500,0.0
Q112652742,0.0
Q112652777,0.5
Q112652813,0.0
Q112652868,0.0
Q112652876,0.0
Q112652886,0.0
Q112652898,0.0
Q112653224,0.0
Q112653333,0.0
Q112653377,0.0
Q112653386,0.0
Q112653583,0.5
Q112653602,0.0
Q112653860,0.5
Q112653866,0.0
Q112653927,0.0
Q112654007,0.0
Q112654108,0.0
Q112654129,0.0
Q112654146,0.0
Q112654178,0.0
Q112654771,0.0
Q112654787,0.0
Q112654862,0.0
Q112670388,0.0
Q112730739,0.0
Q112892896,0.0
Q112893812,0.0
Q112894322,0.0
Q112897421,0.0
Q112897923,0.0
Q112899180,0.0
Q112899220,0.0
Q112960298,0.0
Q113015802,0.0
Q113212567,0.0
Q1133381,1.5
Q113375757,0.0
Q113376041,0.0
Q113376374,0.0
Q113503020,0.0
Q114134624,0.0
Q114967087,0.0
Q115011510,0.0
Q115011642,0.0
Q115012140,0.0
Q115012177,0.0
Q115012248,0.0
Q115013918,0.0
Q115013935,0.0
Q115013941,0.0
Q115013955,0.0
Q115013979,0.0
Q115014515,0.0
Q115014527,0.0
Q115014541,0.5
Q115014546,0.0
Q115014561,0.0
Q115015687,0.0
Q115015717,0.0
Q115015934,0.0
Q115018501,0.0
Q115018739,0.0
Q115019363,0.0
Q115020069,0.0
Q115020080,0.0
Q115020546,0.0
Q115020554,0.0
Q115020560,0.0
Q115020590,0.0
Q115020628,0.0
Q115398680,0.0
Q115550143,0.0
Q115618614,0.0
Q1159092,0.0
Q115982143,0.0
Q115982629,0.0
Q115982863,0.0
Q115983273,0.0
Q115984987,0.0
Q115985798,0.0
Q116007588,0.0
Q116007741,0.0
Q1163474,0.0
Q1163549,0.0
Q116392,0.0
Q116834,0.0
Q116891,0.0
Q11703587,0.0
Q117149,0.0
Q117340,0.0
Q117400,0.0
Q117402,0.0
Q11762,0.0
Q11774431,0.0
Q117904,0.0
Q118359,0.0
Q118524,0.0
Q118535,0.0
Q118558,0.0
Q11903539,0.0
Q119144,0.0
Q11916413,0.0
Q1192864,0.0
Q11934485,0.0
Q11950567,0.0
Q11954626,0.0
Q11954631,0.0
Q11977892,0.5
Q119880,0.0
Q12004862,0.0
Q120115,0.0
Q1201319,0.0
Q12019419,1.0
Q12019440,0.0
Q12022400,0.0
Q12022439,0.0
Q12022770,0.0
Q12023473,0.0
Q12023788,0.0
Q12025075,0.5
Q12025941,0.0
Q12028490,0.0
Q12035327,0.0
Q12044262,0.0
Q12048555,0.0
Q12055892,0.0
Q120724,0.0
Q120883,0.0
Q120904,0.0
Q120934,0.5
Q120969,0.0
Q121470,0.0
Q12156127,0.0
Q121862,0.0
Q121882,0.0
Q1222215,0.0
Q1223955,0.0
Q12255661,0.0
Q12263472,0.0
Q12267336,0.0
Q12301603,0.0
Q12301637,0.5
Q12301892,0.0
Q12301898,0.5
Q12303134,0.5
Q12303652,0.0
Q12305482,0.0
Q12306031,0.0
Q12308261,0.0
Q12309819,0.0
Q12310469,0.0
Q12311129,0.0
Q12315227,0.0
Q12315455,0.0
Q12316231,0.0
Q12316339,0.0
Q123171,0.0
Q12318858,0.0
Q12318947,0.0
Q12319014,0.5
Q12319037,0.0
Q12319087,0.0
Q12319302,0.0
Q12319328,0.0
Q12319515,0.0
Q12319533,0.0
Q12319657,0.0
Q12320275,0.0
Q12320477,0.5
Q12321352,0.0
Q12321354,0.0
Q12321445,0.0
Q12321969,0.0
Q12322942,0.0
Q12324169,0.0
Q12324617,0.0
Q12324922,0.0
Q12324973,0.0
Q12325612,0.0
Q12325727,0.0
Q12325752,0.0
Q12326188,0.0
Q12326451,0.0
Q12326843,0.0
Q12327462,0.0
Q12327663,0.0
Q12330024,0.0
Q12330445,0.0
Q12331318,0.0
Q12331328,0.0
Q12331411,0.0
Q12331581,0.0
Q12331601,0.0
Q12331726,0.0
Q12332907,0.0
Q12332910,0.0
Q12332940,0.0
Q12333237,0.0
Q12333741,0.0
Q12333971,0.0
Q12335355,0.0
Q12336294,0.5
Q12336452,1.5
Q12338511,0.0
Q12339222,0.0
Q12339763,0.0
Q12339772,0.0
Q12341748,0.0
Q12342520,0.0
Q12343109,0.0
Q12343374,0.0
Q12382952,0.0
Q12385903,0.0
Q12390812,0.0
Q12392976,0.0
Q12394038,0.0
Q12401411,0.0
Q1240168,0.0
Q124019,0.0
Q1250211,0.0
Q125403,0.0
Q125433,0.0
Q125439,0.0
Q1263794,0.0
Q1272556,0.0
Q1275622,0.0
Q1278715,0.5
Q1279621,0.0
Q1283882,0.0
Q12839,1.0
Q12923,0.0
Q12927,0.5373000000000001
Q1292951,0.0
Q12931,0.0
Q12943,0.0
Q1295233,0.5
Q12961,0.0
Q1307140,0.0
Q1307186,0.0
Q1321340,0.0
Q13231315,0.0
Q1338185,0.0
Q13426765,0.0
Q13434626,1.0
Q1345180,0.0
Q1351504,0.0
Q1355143,0.0
Q1355548,0.0
Q13561396,0.5
Q13578296,0.0
Q1358410,0.0
Q1363394,0.0
Q1369110,0.0
Q1373840,2.0
Q1373882,0.0
Q13786674,0.0
Q13859913,0.0
Q1387808,0.0
Q1395041,0.0
Q1403798,0.0
Q1404562,0.0
Q14066524,0.0
Q14069628,0.0
Q1407342,0.0
Q14078814,0.0
Q14084151,0.0
Q14084185,0.0
Q14084448,0.0
Q14085240,0.0
Q14085404,0.0
Q14085515,0.0
Q14085870,0.0
Q14089251,0.0
Q14101365,0.0
Q14117863,0.0
Q14122374,0.5
Q14124051,0.0
Q1416853,0.0
Q1421371,0.0
Q1426157,0.0
Q1429695,0.0
Q1429938,0.5
Q1435943,0.0
Q14429713,1.0
Q1444160,0.5
Q1447989,0.0
Q1450831,0.0
Q1451942,0.0
Q1457778,0.0
Q1466480,0.0
Q1476255,0.0
Q14806317,0.0
Q14806386,0.0
Q14806405,0.0
Q14806480,0.0
Q1486902,0.0
Q1489513,0.0
Q14924803,0.0
Q14943007,0.0
Q14943234,1.0
Q14943430,1.0
Q14943496,0.0
Q14943609,0.0
Q14943656,0.0
Q1494418,0.0
Q14946180,0.0
Q14947102,0.0
Q14948188,0.0
Q14948811,0.0
Q1502854,0.0
Q15054146,0.0
Q15054216,0.0
Q1506477,0.0
Q1507084,0.5
Q15092209,0.0
Q15114148,0.0
Q1511470,0.0
Q15114761,0.0
Q15114982,0.0
Q15124034,0.0
Q15124116,0.0
Q15124118,0.0
Q15124152,0.0
Q15124202,0.0
Q15124322,0.0
Q15124323,0.0
Q1514489,0.0
Q1514515,0.0
Q15146515,0.0
Q15208361,0.0
Q15208393,0.0
Q15208430,0.0
Q15208432,0.0
Q15220272,0.0
Q15220317,0.0
Q15230330,0.0
Q1524836,0.0
Q15262812,0.0
Q15273689,0.0
Q1527508,0.0
Q15275916,0.0
Q1534217,0.0
Q153454,0.0
Q1536747,0.0
Q15391841,0.5
Q15432507,1.5
Q15433139,0.0
Q15433815,0.0
Q15433827,0.0
Q15434186,3.0
Q15434284,2.0
Q15434300,0.0
Q15434319,0.5
Q15434496,0.0
Q15434505,0.0
Q15434520,0.0
Q15434565,0.0
Q15526234,0.0
Q1557103,0.0
Q15602114,0.0
Q15602115,0.0
Q15606894,0.0
Q1560703,0.0
Q15616501,0.0
Q15644592,0.0
Q15644594,0.0
Q15644599,0.0
Q1564660,0.5
Q15647562,0.0
Q15648956,0.0
Q1566498,0.5
Q15782057,0.0
Q15782242,0.0
Q15783312,0.0
Q15783321,0.0
Q15783327,0.0
Q15783337,0.5
Q15783504,0.0
Q15787318,0.0
Q1579014,0.0
Q15792620,0.0
Q15793659,0.0
Q15793668,0.0
Q15794238,0.0
Q15795521,5.5
Q15795921,0.0
Q15804500,0.5
Q15805255,0.5
Q15805663,0.0
Q15806084,0.0
Q15807820,0.0
Q15808910,0.0
Q15809173,0.0
Q15809769,0.0
Q15810123,0.0
Q15810536,0.0
Q15811216,0.0
Q15813082,0.0
Q15813108,0.0
Q15813111,0.0
Q15813113,0.0
Q15813114,0.0
Q15813116,0.0
Q15813119,0.0
Q15813128,0.0
Q15813133,0.5
Q15813144,0.0
Q15813170,0.0
Q15813189,1.0
Q15813191,0.0
Q15813196,0.0
Q15813749,0.0
Q15813753,0.0
Q15813758,0.0
Q15813781,0.5
Q15813787,0.0
Q15813798,0.0
Q15819002,1.0
Q15819226,0.0
Q15823205,0.0
Q1582619,0.0
Q15833802,0.0
Q15834076,0.0
Q15840387,0.0
Q15841669,0.0
Q15848995,0.0
Q15905791,0.0
Q1594501,0.0
Q15987373,0.0
Q1599545,2.5
Q1600981,0.0
Q1602354,0.0
Q1603428,0.0
Q1603762,0.0
Q1605544,0.0
Q1605682,0.0
Q16064320,0.5
Q16101788,0.0
Q16150309,0.0
Q1618939,0.5
Q16190632,0.0
Q16190712,0.5
Q16211496,0.0
Q16216417,0.5
Q1622583,0.0
Q16232474,0.0
Q1624565,0.0
Q16297359,0.0
Q1633223,0.0
Q16467685,0.5
Q1648387,0.0
Q1648540,0.0
Q165114,0.0
Q1651406,0.0
Q16515053,0.0
Q16529268,0.0
Q1659343,0.0
Q1663079,0.0
Q1663123,0.0
Q1663364,0.0
Q16642462,4.0
Q16663006,0.0
Q16669767,0.0
Q16669934,0.0
Q16683347,0.0
Q1670311,0.0
Q16751766,0.0
Q1675808,0.0
Q1677754,0.0
Q1679312,0.0
Q1681420,0.0
Q1682774,1.5
Q1690600,0.0
Q1691076,0.0
Q1696501,2.0
Q16972528,0.0
Q16980037,0.0
Q1700778,1.0
Q17036717,0.0
Q17045132,0.0
Q17049347,0.0
Q1705321,0.0
Q17057181,0.0
Q1710235,0.0
Q1710769,0.0
Q1711078,0.0
Q17130794,0.0
Q17155333,0.0
Q1717414,0.0
Q17177501,0.0
Q17180679,0.0
Q1726930,0.0
Q1728909,0.0
Q1730608,0.0
Q17306267,0.0
Q17332884,0.0
Q1733789,0.0
Q1733882,0.0
Q1734454,1.0
Q17350680,0.0
Q17350905,0.0
Q17352992,0.0
Q1736494,0.0
Q1736530,6.0
Q1736638,0.0
Q1736645,0.5
Q1743637,0.5
Q1745104,0.0
Q1745373,0.0
Q1748314,0.0
Q17485936,0.8316
Q1751948,0.0
Q17563522,0.0
Q17580253,1.5
Q17591264,0.0
Q1759589,0.0
Q17620225,0.0
Q17632457,0.0
Q1770968,0.0
Q1774046,0.0
Q1784303,0.5
Q1800570,0.0
Q18020671,0.0
Q180589,0.0
Q1806261,0.0
Q1806282,0.5
Q18132152,0.0
Q18164278,0.0
Q18169686,0.5
Q18171967,0.5
Q18176740,0.0
Q1817709,0.5
Q18222569,0.0
Q182397,0.0
Q1824984,0.0
Q1827771,0.5
Q18341589,0.5
Q18413490,0.0
Q1844180,0.0
Q18629460,0.0
Q18630717,0.0
Q18647252,0.0
Q1876595,0.0
Q1889410,0.0
Q18915550,0.0
Q1891565,0.0
Q18921442,0.0
Q1893672,0.5
Q1896024,1.5
Q1896891,0.0
Q1898733,1.5
Q1901534,0.0
Q1901650,0.5
Q1901834,0.0
Q1905496,1.0
Q19059345,0.0
Q1909731,0.0
Q1915619,0.0
Q1925636,0.0
Q1926743,0.0
Q1927537,0.0
Q19278490,0.0
Q19287207,0.0
Q1929074,1.5
Q19299319,1.0
Q19299933,0.0
Q19301601,0.0
Q1930882,0.0
Q1933122,0.0
Q19362177,0.0
Q19362205,1.0
Q19365452,0.0
Q19502656,0.5
Q1955511,0.0
Q19602552,0.0
Q19606880,0.0
Q1967590,1.0
Q19753565,0.0
Q19801137,0.0
Q19824341,0.0
Q19826434,0.0
Q19828092,0.0
Q19834635,0.0
Q19840724,0.0
Q1986012,1.5
Q19863151,0.0
Q19868483,0.0
Q19868554,0.0
Q19868633,0.0
Q1987000,1.0
Q19870758,0.0
Q19870873,0.0
Q19871637,0.0
Q19871710,0.0
Q19871785,0.0
Q19871819,0.0
Q19871931,0.0
Q19872133,0.0
Q19872694,0.0
Q19872756,0.0
Q19873325,0.0
Q19873418,0.0
Q19874017,0.0
Q19874280,0.0
Q19874405,0.0
Q19874642,0.0
Q19874839,0.5
Q19875413,0.5
Q19875589,0.0
Q19878984,0.0
Q19880278,0.0
Q19881816,0.5
Q19882420,0.0
Q19882661,0.0
Q19882721,0.0
Q19882771,0.0
Q19882845,0.0
Q19882875,0.0
Q19882922,0.0
Q19882967,0.5
Q19883025,0.0
Q19883053,0.0
Q19883087,0.0
Q19883117,1.0
Q19883129,0.0
Q19883132,0.0
Q19883135,0.5
Q19883145,2.0
Q19883152,2.0
Q19883251,0.0
Q19883288,0.5
Q1991669,0.0
Q19917814,0.0
Q19930597,0.0
Q19936193,0.0
Q19950211,0.0
Q19956787,0.0
Q19956815,0.0
Q19956858,0.0
Q19957124,0.0
Q19957144,0.0
Q19957188,0.0
Q19957303,0.5
Q19957306,0.5
Q19957580,0.0
Q19957586,0.0
Q19957590,0.5
Q19957769,0.0
Q19957802,0.0
Q19957811,0.0
Q19957887,0.0
Q19957945,0.0
Q19957949,0.0
Q19957992,0.0
Q19957996,0.0
Q19958026,0.0
Q19958052,0.5
Q19958093,0.0
Q19958100,0.0
Q19958134,0.0
Q19958573,0.0
Q1996643,0.0
Q1996861,0.0
Q19979355,0.0
Q19979409,0.0
Q20005332,0.0
Q20011564,1.0
Q20020731,0.0
Q20022488,0.0
Q20054083,1.0
Q20055561,0.0
Q20055581,0.0
Q20089164,0.0
Q20113749,0.0
Q20127903,0.0
Q20127909,0.0
Q20127923,0.0
Q20127929,0.0
Q20128115,0.0
Q20128211,0.0
Q20160095,0.0
Q20174096,0.0
Q20175887,0.0
Q20177497,0.0
Q20177891,0.0
Q20179692,0.0
Q20179766,0.0
Q20186140,0.0
Q20186168,0.0
Q20186502,0.0
Q20188888,0.0
Q20188895,0.0
Q20188899,0.0
Q20192072,0.0
Q20195263,0.0
Q20195470,0.0
Q20197574,0.0
Q20197692,0.5
Q20197707,0.0
Q20199803,0.0
Q20200020,0.0
Q2020339,0.0
Q20203414,0.0
Q2020409,0.5
Q2020823,0.0
Q20535078,0.0
Q2060929,0.0
Q20631177,0.0
Q20645389,0.0
Q20647531,0.5
Q20647567,0.0
Q20647673,0.0
Q20647692,0.0
Q20647800,0.0
Q20647819,0.0
Q20647855,2.0
Q20647896,0.0
Q20647978,0.5
Q20648244,0.5
Q20648325,0.0
Q20648332,0.0
Q20648365,0.0
Q20648372,0.0
Q20648385,0.0
Q20648487,0.0
Q20648527,0.0
Q20648556,0.0
Q20648564,0.0
Q20648913,0.0
Q20648982,0.0
Q20676035,0.0
Q20732037,0.0
Q2073755,0.0
Q2073936,0.0
Q20747098,0.0
Q20753028,0.0
Q2079976,0.0
Q2080110,0.0
Q20857507,0.0
Q20876620,0.0
Q20877108,0.0
Q20877110,0.0
Q20991576,0.0
Q21001076,0.0
Q21001113,0.0
Q21001117,0.0
Q21013136,0.0
Q21032066,0.0
Q21032279,0.5
Q21081299,0.0
Q21089383,0.0
Q2114685,0.0
Q21180030,0.0
Q21180065,0.0
Q21181009,0.0
Q21208022,0.0
Q21268794,0.0
Q21269511,0.0
Q21286329,0.5
Q21293215,0.0
Q21294488,0.0
Q21294587,0.0
Q21294609,0.0
Q21294873,0.0
Q2129527,0.0
Q21336878,0.0
Q21479962,0.0
Q21480157,0.0
Q2154951,0.0
Q21573600,0.0
Q21582295,0.0
Q21592171,0.0
Q21621478,0.0
Q216594,0.0
Q21683549,0.0
Q21693665,0.0
Q21694713,0.0
Q21706297,0.0
Q21789607,0.0
Q21857951,0.0
Q22035584,0.0
Q22043292,0.0
Q22074671,0.0
Q22081467,0.0
Q22086020,0.5
Q22227974,0.0
Q22227976,0.0
Q2223090,0.0
Q2223490,0.0
Q22337880,0.0
Q22337905,0.0
Q22337915,0.0
Q22337925,0.0
Q22337927,0.0
Q22344604,0.0
Q2254052,0.0
Q22683833,0.0
Q2271318,0.0
Q2272008,2.5
Q2273109,0.0
Q22956366,2.0
Q22964625,0.0
Q22999280,0.0
Q23009091,0.0
Q23009749,0.0
Q23048742,0.0
Q23059252,0.0
Q23059253,0.0
Q23059257,0.0
Q23060461,0.0
Q23060567,0.0
Q2336360,0.0
Q2337183,3.0
Q23374860,0.5
Q23384045,0.0
Q234182,0.0
Q2343911,1.0
Q23559850,0.0
Q23561061,0.0
Q23565778,0.0
Q23649185,0.0
Q2369250,0.0
Q2370788,0.5
Q2371230,0.5
Q2374225,0.0
Q23782006,0.0
Q2385796,0.0
Q2386047,0.0
Q23891806,0.0
Q23894956,0.0
Q24034408,0.0
Q24039769,0.0
Q24050483,0.0
Q24052782,0.0
Q24053857,0.0
Q24061230,0.0
Q24082654,0.0
Q2413788,0.0
Q2414678,0.0
Q2424160,0.0
Q2424482,2.0
Q2424616,0.5
Q2425894,0.0
Q24260075,0.0
Q2426649,0.0
Q2427303,0.0
Q2429104,0.0
Q24293722,0.0
Q2431095,0.0
Q2433467,0.5
Q2434972,0.5
Q2437890,3.5
Q2444869,0.0
Q24452013,0.0
Q24524789,0.0
Q24540200,0.0
Q24567384,0.0
Q24668273,0.0
Q24703507,0.0
Q24706368,0.0
Q2476246,0.0
Q2506441,0.0
Q2514772,0.0
Q2531484,0.0
Q2561778,1.5
Q258088,0.0
Q258292,0.0
Q258473,0.0
Q258586,0.0
Q258963,0.0
Q2589687,0.0
Q25906244,0.0
Q2591433,0.0
Q2591533,0.5
Q259361,1.0
Q259423,0.0
Q25963393,0.0
Q259707,0.0
Q259895,0.0
Q260111,0.0
Q260429,0.5
Q260546,0.0
Q2614472,0.0
Q26162484,0.0
Q261675,0.0
Q262040,0.0
Q26206,0.0
Q26214575,1.5
Q262409,0.0
Q262539,0.0
Q26270011,0.0
Q262742,0.0
Q263076,0.0
Q263166,0.0
Q263350,0.0
Q263875,0.0
Q264132,0.0
Q264305,0.0
Q2643140,0.0
Q264374,0.0
Q264426,0.0
Q264477,0.0
Q264560,0.0
Q264585,0.0
Q264618,0.0
Q264636,0.0
Q264684,0.0
Q2647135,0.0
Q264766,0.0
Q264964,0.0
Q265028,0.0
Q265088,0.0
Q265870,0.5
Q265900,0.0
Q266078,0.0
Q266146,0.0
Q266189,0.0
Q266238,0.0
Q266905,0.0
Q266978,0.0
Q26719566,0.0
Q267234,0.0
Q26792878,0.0
Q267930,0.0
Q268030,0.0
Q26806177,0.0
Q268196,0.0
Q268465,0.0
Q268584,0.0
Q269124,0.0
Q269449,0.0
Q269697,0.5
Q269853,0.0
Q269925,0.0
Q27031512,0.0
Q27032053,0.0
Q271683,0.0
Q271715,0.0
Q271800,0.0
Q272098,0.0
Q272123,0.0
Q272201,0.5
Q272234,0.0
Q272288,0.0
Q272318,0.0
Q272346,0.0
Q272408,0.0
Q272452,0.0
Q272569,0.0
Q272643,0.0
Q272924,0.0
Q2754094,0.0
Q2754524,0.0
Q275490,0.0
Q27671735,0.0
Q27701606,0.0
Q27755547,0.0
Q27755573,0.0
Q27755608,0.0
Q27755620,0.0
Q27755637,0.0
Q27755671,0.0
Q27755679,0.0
Q27755723,0.0
Q27755741,0.0
Q27755804,0.0
Q27755812,0.0
Q27755821,0.0
Q27755857,0.0
Q27756136,0.0
Q27756197,0.0
Q27756247,0.0
Q27756341,0.0
Q27756490,0.0
Q27756547,0.0
Q27757214,0.5
Q27758345,0.0
Q27758382,0.0
Q27758403,0.0
Q27882896,1.0
Q27888351,0.0
Q27888888,0.0
Q2789935,0.0
Q27908505,0.0
Q27917019,0.0
Q27942399,0.0
Q27975838,0.0
Q27979810,0.0
Q2798507,0.0
Q27999091,0.0
Q27999092,0.0
Q27999129,0.0
Q27999151,0.0
Q27999264,0.0
Q27999286,0.0
Q28105164,0.0
Q281455,0.0
Q28166378,0.0
Q2830328,0.0
Q2834481,0.5
Q28477665,0.0
Q2848786,0.0
Q28495630,0.0
Q28496177,0.0
Q28502373,0.0
Q28528045,0.0
Q2856427,1.0
Q28653600,0.0
Q2872015,0.0
Q2874956,0.0
Q28753995,0.0
Q28759772,0.0
Q28767783,0.0
Q2877730,0.0
Q2880726,0.0
Q28834855,0.0
Q28840750,0.0
Q288486,0.0
Q28855142,0.0
Q28867057,0.0
Q28872546,0.0
Q28872682,0.0
Q28872724,0.0
Q28911979,0.0
Q28912455,0.0
Q28914642,1.0
Q2893371,0.0
Q2896216,0.0
Q28964087,0.0
Q2899644,0.0
Q29021094,0.5
Q29024286,0.0
Q29052233,0.0
Q290554,0.5
Q291057,0.0
Q291169,0.0
Q291303,0.0
Q291385,1.5
Q291393,0.0
Q291502,0.0
Q291557,0.0
Q291591,0.0
Q291615,0.0
Q291649,0.0
Q29210910,0.5
Q29227656,0.0
Q29227882,0.0
Q29228030,0.0
Q2925411,1.0
Q2925440,0.0
Q2926654,0.0
Q2926845,0.0
Q29346164,0.5
Q29419052,0.0
Q29526362,0.0
Q29570183,5.5
Q29575749,1.0
Q29585127,0.0
Q2960570,0.0
Q29634279,0.0
Q2965349,0.0
Q296689,0.0
Q296716,0.0
Q296797,0.0
Q296866,0.0
Q2978334,0.0
Q29791418,1.0
Q29803308,0.5
Q2980738,0.8316
Q29819207,0.0
Q29896234,0.0
Q29946731,0.0
Q29951473,0.0
Q29951532,0.0
Q29951594,0.0
Q29958266,0.0
Q300004,0.0
Q300023,0.0
Q300107,0.0
Q300142,0.0
Q30015127,0.0
Q30017107,0.0
Q300292,0.0
Q30067856,0.0
Q30091555,0.0
Q3009791,0.0
Q30103202,0.0
Q30114672,0.0
Q30118254,0.0
Q30130489,1.0
Q3015137,0.0
Q30163501,0.0
Q30164279,0.0
Q30164280,0.0
Q30164376,0.0
Q30164380,0.0
Q30164451,0.0
Q30164696,0.0
Q30164792,0.0
Q30164902,0.0
Q30164903,0.0
Q30165113,0.0
Q30165325,0.0
Q30165327,0.0
Q30165535,0.0
Q30165536,0.5
Q30165748,0.0
Q30169287,0.0
Q30172752,0.0
Q30173119,2.5
Q30174665,0.0
Q30174692,0.0
Q30174734,0.0
Q30176559,1.0
Q30179008,0.0
Q30179052,0.0
Q3018028,0.0
Q30184731,3.0
Q302036,0.0
Q30223120,0.0
Q30223596,0.0
Q30223599,0.0
Q30223601,0.0
Q30224361,0.5
Q302244,0.0
Q30224657,1.0
Q30226321,0.0
Q30228118,0.0
Q30229438,0.0
Q30229514,0.0
Q302309,0.0
Q30232942,0.0
Q30234239,0.5
Q30234240,0.0
Q30234241,0.0
Q30234242,0.5
Q30234243,0.0
Q30234245,0.0
Q30234247,0.0
Q30234248,0.0
Q30234253,0.0
Q30239185,0.5
Q302486,0.0
Q302546,0.0
Q302763,0.0
Q30279673,0.0
Q302815,0.0
Q3028388,0.0
Q302939,0.0
Q303011,0.0
Q303085,0.0
Q303299,0.0
Q30331583,0.0
Q30332919,0.0
Q30333733,0.0
Q30334006,0.0
Q30334130,0.0
Q30334188,0.0
Q30334210,0.0
Q30334244,0.0
Q30334352,0.0
Q30334480,0.5
Q30334540,0.0
Q30334715,1.0
Q30334718,1.5
Q30334791,0.0
Q30334900,0.0
Q30334953,0.0
Q30334974,0.0
Q30335033,0.0
Q30335035,0.0
Q30335095,0.5
Q30335160,0.0
Q30335328,0.0
Q30335340,0.0
Q30335887,0.0
Q30335893,0.0
Q30335895,0.5
Q30335899,0.0
Q30335908,0.0
Q30336075,0.0
Q30336818,0.0
Q30336862,3.0
Q30336912,0.0
Q30337015,0.5
Q30337138,0.0
Q30337139,0.0
Q30337193,0.0
Q30337284,0.5
Q30337397,0.0
Q30337836,0.5
Q30337897,0.0
Q30337966,0.5
Q30338651,1.5
Q30338805,0.0
Q30338881,2.0
Q30338888,0.0
Q30339116,0.0
Q30339119,0.0
Q30339126,0.0
Q30339188,0.0
Q30339190,0.0
Q30339196,0.0
Q30339198,0.0
Q30339200,0.0
Q30339206,0.0
Q30339209,0.0
Q30339214,0.0
Q30339222,0.0
Q30339229,0.5
Q30339237,0.0
Q30339238,0.0
Q30339239,0.0
Q30339241,0.0
Q30339242,0.0
Q30339245,0.5
Q30339248,0.0
Q30339250,0.0
Q30339260,0.0
Q30339272,0.0
Q30339275,0.0
Q30339276,0.0
Q30339280,3.0
Q30339281,0.0
Q30339287,0.5
Q30339292,0.0
Q30339295,0.0
Q30339298,0.0
Q30339307,0.0
Q30339323,0.0
Q30339328,0.0
Q30339343,0.0
Q30339344,0.0
Q30339347,0.5
Q30339348,0.0
Q30339350,0.0
Q30339351,0.5
Q30339352,0.0
Q30339354,0.0
Q30339356,0.0
Q30339363,0.0
Q30339364,0.0
Q30339370,0.0
Q30339372,0.0
Q30339375,0.0
Q30339379,0.5
Q30339394,0.0
Q30339397,0.5
Q30339402,0.0
Q30339410,0.0
Q30339415,0.0
Q30339419,0.0
Q30339422,6.5
Q30339476,0.0
Q30339795,0.5
Q30341493,0.0
Q30341815,0.5
Q30341918,0.0
Q30342118,0.0
Q30342132,0.5
Q30342359,0.0
Q30342372,0.0
Q30342405,2.5
Q30342434,0.0
Q30342475,0.0
Q30342487,0.0
Q30342506,0.5
Q30342530,0.0
Q30342547,0.0
Q30342575,0.0
Q30342796,0.0
Q30342812,0.0
Q30342869,0.0
Q30342903,0.0
Q30342921,1.0
Q30342940,0.0
Q30342954,0.0
Q30342968,0.0
Q30342982,0.0
Q30342993,0.0
Q30343030,0.0
Q30343070,1.0
Q30343078,0.0
Q30343090,1.0
Q30343102,0.0
Q30343112,0.0
Q30343128,0.0
Q30343140,0.0
Q30343155,0.0
Q30343165,0.0
Q30343198,0.0
Q30343212,0.0
Q30343220,1.0
Q30343245,0.0
Q30343446,0.0
Q30344304,0.5
Q30344380,1.0
Q30344388,0.5
Q30344462,0.0
Q30344568,0.0
Q30344657,0.0
Q30344710,0.0
Q30345381,0.5
Q30345412,0.0
Q303465,0.0
Q30346873,0.0
Q30347171,0.5
Q30347481,0.0
Q30348526,0.0
Q30348579,0.0
Q30348761,0.5
Q30348845,0.0
Q30348849,0.0
Q30348928,0.0
Q30348935,0.0
Q30348996,0.0
Q30349019,0.0
Q30349021,0.0
Q30349049,0.0
Q30349074,0.5
Q30349104,1.5
Q30349124,0.0
Q30349130,0.5
Q30349168,0.0
Q30349208,0.0
Q30349248,2.5
Q30349257,0.0
Q30349279,0.0
Q30349293,2.0
Q30349298,0.0
Q30349300,0.5
Q30349301,0.0
Q30349303,0.0
Q30349307,1.5
Q30349316,0.0
Q30349328,0.0
Q30349347,0.0
Q30349354,0.0
Q30349369,0.0
Q30349376,0.0
Q30349381,0.0
Q30349393,0.0
Q30349408,0.0
Q30349429,0.0
Q30349437,0.0
Q30349445,0.0
Q30349465,0.0
Q30349495,0.5
Q30349518,0.5
Q30349529,0.0
Q30349549,0.0
Q30349575,2.5
Q30349588,0.0
Q30349651,0.0
Q30349775,0.0
Q30349862,0.0
Q30349870,0.0
Q30349937,0.0
Q30350575,0.0
Q30350683,0.0
Q30351244,0.0
Q30351657,0.0
Q30351663,0.0
Q3035399,1.0
Q303577,0.0
Q30375947,0.0
Q30376107,0.0
Q30376256,0.0
Q30376630,0.0
Q30376809,0.0
Q30377001,0.0
Q30377460,0.0
Q30377701,0.5
Q30378055,0.0
Q30378193,0.0
Q30378312,0.5
Q30378425,0.5
Q30378641,0.0
Q30378762,1.5
Q30378878,0.0
Q30379003,0.5
Q30379650,0.0
Q30379800,0.0
Q30380252,0.5
Q30380724,0.0
Q30380891,0.0
Q303814,0.0
Q30384972,0.5
Q30385652,0.0
Q30385935,0.0
Q30386100,0.0
Q30386268,0.0
Q30386361,0.0
Q30386520,0.0
Q30386710,0.0
Q30386813,0.0
Q30386985,0.0
Q30387980,0.0
Q30388169,0.0
Q303883,0.0
Q30388327,0.0
Q30388588,0.0
Q30388733,0.0
Q30388848,0.0
Q30389070,0.0
Q30389178,0.0
Q30389297,0.0
Q30389422,0.0
Q30389524,0.0
Q30389738,0.0
Q30390033,0.0
Q30390218,0.5
Q30390327,0.0
Q30390636,0.0
Q30390791,0.0
Q30390884,0.0
Q30391048,0.0
Q30391203,0.0
Q30391338,1.0
Q30392038,0.0
Q30392260,0.0
Q30392574,0.0
Q30392870,0.0
Q30393009,0.0
Q30395630,0.0
Q304027,0.0
Q30408131,0.0
Q30414335,0.0
Q30414896,0.0
Q30417849,0.0
Q30419094,0.0
Q304251,0.0
Q3042869,0.0
Q30431548,0.0
Q30433642,1.0
Q30433890,0.0
Q30435197,0.0
Q30435693,0.0
Q30435836,1.0
Q30436200,0.0
Q30440777,0.0
Q30447134,1.0
Q30449710,2.0
Q30450097,0.0
Q30451909,0.0
Q30453472,0.0
Q30453870,0.0
Q30456455,0.0
Q30458783,0.0
Q30459009,0.0
Q30490415,0.0
Q30493489,0.0
Q30496487,0.5
Q30496556,0.0
Q30496891,0.0
Q30497082,0.0
Q30497440,0.0
Q30497590,0.0
Q30497954,0.5
Q30498482,0.0
Q30503206,0.5
Q30503261,0.0
Q30504358,0.5
Q30505626,0.0
Q30505632,0.0
Q30505891,0.0
Q30506159,0.0
Q30506332,0.0
Q30506341,0.0
Q30506365,0.0
Q30506490,0.0
Q30509432,0.0
Q30509463,0.0
Q30510266,0.0
Q30511578,0.0
Q30511580,0.5
Q30512286,0.5
Q30512501,0.5
Q30512608,1.0
Q30513127,0.0
Q30513192,0.0
Q30517132,0.0
Q3051830,0.0
Q30519525,0.5
Q30525074,0.0
Q30525139,0.5
Q30525143,0.0
Q30526465,0.0
Q30527240,0.0
Q30528083,0.0
Q30528115,1.5
Q30530164,0.0
Q30530300,0.0
Q30530581,0.0
Q30540280,0.0
Q30579524,0.0
Q306250,0.0
Q30727238,0.0
Q30729390,0.0
Q30729409,0.0
Q3080572,0.0
Q3082669,0.0
Q3083060,0.0
Q3084310,0.0
Q3085621,0.0
Q3085763,0.0
Q3089599,0.0
Q3090,0.0
Q3090377,0.0
Q3093583,0.5423
Q3100615,0.0
Q3100672,0.0
Q3101372,0.0
Q3106149,0.0
Q3106366,0.0
Q3107809,0.0
Q3119861,0.0
Q3120008,0.0
Q3120121,0.0
Q3122538,0.0
Q3123610,0.0
Q3123839,0.0
Q3124173,0.0
Q3134616,0.0
Q3144871,0.0
Q3157761,0.5
Q3164701,0.0
Q3164758,0.0
Q3164854,0.0
Q3166197,0.0
Q3166272,0.0
Q3166655,1.5
Q3166993,0.5
Q3167246,0.0
Q3167821,0.0
Q3167990,0.0
Q3168469,0.0
Q3168847,0.0
Q3169226,0.0
Q3169663,0.0
Q3169815,0.0
Q3173022,0.0
Q3179100,0.0
Q3182341,0.0
Q3189355,0.0
Q3190925,0.0
Q3193433,0.0
Q3218809,0.0
Q32557023,0.0
Q3259501,0.0
Q3261014,2.0
Q327823,0.0
Q328608,0.0
Q328641,0.5
Q3286565,0.0
Q328769,0.0
Q328791,0.0
Q3288193,0.0
Q328953,0.0
Q3291298,0.0
Q3292159,0.0
Q3292560,0.0
Q3293018,0.0
Q32979246,0.0
Q3309604,0.0
Q33103094,0.0
Q33106414,0.0
Q3311073,0.0
Q33111018,0.0
Q3311135,0.0
Q33112205,0.0
Q33133462,0.0
Q33172434,1.5
Q33191643,0.0
Q3320860,0.0
Q332374,0.0
Q3324701,0.0
Q3327963,0.0
Q332979,0.0
Q33309067,0.0
Q333261,0.0
Q3332699,0.0
Q333520,0.0
Q333533,0.0
Q333680,0.0
Q333714,0.0
Q333846,0.0
Q333937,0.0
Q3340330,0.0
Q334065,4.0
Q334261,0.0
Q3351009,0.0
Q3351018,0.5
Q3351188,0.0
Q33519815,0.0
Q3367309,0.0
Q3369516,0.0
Q3369924,0.0
Q3371854,0.0
Q3372924,0.0
Q3377178,0.0
Q3377548,0.0
Q3377550,0.0
Q337812,0.5
Q3379341,0.0
Q337970,0.0
Q3379784,0.0
Q3379838,0.5
Q3379940,1.5
Q3380857,0.0
Q3393973,0.0
Q340448,2.0
Q3409441,0.0
Q3411409,0.0
Q341511,0.0
Q341538,0.0
Q341570,0.0
Q3417279,0.0
Q3430329,0.0
Q3430759,0.0
Q3442092,0.0
Q3455745,0.0
Q3476900,0.0
Q3490926,0.0
Q3501943,0.5
Q3502105,1.0
Q3507399,0.5
Q3510140,0.5
Q3510156,0.0
Q3524518,0.0
Q3554304,0.0
Q35545152,0.0
Q3559584,0.0
Q3559821,0.0
Q3560729,0.0
Q3564277,0.0
Q3564331,0.0
Q3571749,0.0
Q3573589,0.0
Q3591087,0.0
Q3592676,0.0
Q36338130,0.0
Q373047,0.0
Q3753758,0.0
Q375980,1.5
Q37810277,0.0
Q37946793,0.0
Q38057788,0.0
Q3820056,0.0
Q3826664,0.0
Q38504341,1.0
Q389189,0.0
Q389677,0.0
Q390756,0.0
Q390760,0.0
Q390794,0.0
Q39080194,3.0
Q390849,0.0
Q390983,0.0
Q391094,0.0
Q391169,0.0
Q391222,0.0
Q391300,0.0
Q391341,0.0
Q391465,0.0
Q391483,0.0
Q391526,0.0
Q391644,0.0
Q391756,0.0
Q391792,0.0
Q391839,0.0
Q391960,0.0
Q391986,0.0
Q392064,0.0
Q392101,0.0
Q392216,0.5
Q392375,0.0
Q393751,0.5
Q39728392,0.0
Q40091805,0.0
Q40136224,1.5
Q40229624,4.5
Q402548,0.0
Q40289093,0.0
Q40436370,0.0
Q40471077,0.0
Q40472081,0.0
Q40473868,0.0
Q40475799,0.0
Q40476219,0.0
Q40477677,0.0
Q40571929,0.0
Q40589032,0.0
Q40650476,0.0
Q40803793,0.5
Q40813093,0.0
Q40846468,0.0
Q40846824,0.0
Q40847360,0.0
Q40847784,0.0
Q40848063,0.0
Q40875653,0.0
Q40876446,0.0
Q40878850,0.0
Q40879307,0.0
Q40880169,0.0
Q40880800,0.0
Q40881060,0.0
Q40881740,0.0
Q40892185,2.6597
Q40895143,0.0
Q40895536,0.0
Q40896434,0.0
Q40896698,0.0
Q40915597,0.0
Q40919890,0.0
Q40921995,0.0
Q40974976,1.5
Q40975213,0.5
Q40976001,0.0
Q40978854,1.0
Q40979188,0.0
Q40980201,0.0
Q40983005,0.0
Q40983433,0.0
Q40983704,0.0
Q40984890,0.0
Q40994438,0.5
Q40997285,0.0
Q40997480,0.0
Q40997592,1.5
Q40997638,0.0
Q40997670,2.5
Q40997976,0.0
Q40998001,0.0
Q40998023,0.0
Q40998033,0.0
Q40998056,0.0
Q40998066,0.0
Q40998109,0.0
Q40998121,0.5
Q40998214,0.0
Q40998225,2.0
Q40998233,0.5
Q40998238,0.0
Q40998256,0.0
Q40998264,0.5
Q40998541,0.5
Q40998551,3.5
Q40998561,0.0
Q40998580,2.5
Q40998591,0.0
Q40998599,0.0
Q40998607,0.0
Q40998741,0.5
Q40998761,0.0
Q40998778,0.5
Q40998811,0.0
Q40998823,0.0
Q40998834,0.0
Q40998854,0.0
Q40998965,0.5
Q40998975,0.0
Q40998992,0.0
Q40999004,0.0
Q40999031,0.5
Q40999043,0.0
Q40999063,9.5
Q40999085,0.0
Q40999099,0.5
Q40999107,1.0
Q40999117,0.0
Q40999127,0.0
Q40999227,0.0
Q40999236,0.0
Q40999277,0.0
Q40999283,0.0
Q40999339,2.0
Q40999402,3.0
Q40999425,0.5
Q40999439,0.5
Q40999997,0.0
Q41075996,0.0
Q41080910,0.0
Q41102798,1.0373
Q41111971,0.5
Q41230314,0.0
Q41244415,0.5
Q41566062,0.0
Q41569156,0.0
Q41594734,0.0
Q41672846,0.0
Q41699566,0.0
Q41968379,0.0
Q42016569,0.0
Q42115961,0.0
Q42162193,0.0
Q42256930,0.5
Q42271675,0.0
Q42295399,0.0
Q42301642,0.0
Q42303254,0.0
Q42305634,0.0
Q42306691,0.0
Q42307034,0.0
Q42307913,0.0
Q42308049,0.0
Q42310694,0.0
Q42311106,0.0
Q42311480,0.0
Q42344335,0.0
Q42376270,0.0
Q42403351,0.0
Q42428977,2.5
Q42535294,0.0
Q42585303,0.0
Q42585314,0.0
Q42585412,0.0
Q42586556,0.0
Q427080,0.0
Q42709699,0.0
Q42709931,0.0
Q42841188,1.5
Q42846975,0.0
Q42853141,0.0
Q42855020,0.0
Q42857692,0.0
Q42860944,0.0
Q42866260,2.0
Q42941654,0.0
Q42972927,0.0
Q43124262,1.0
Q43143110,0.0
Q431461,0.0
Q43231485,0.0
Q43305486,0.0
Q43305500,0.0
Q433215,0.0
Q43370782,0.0
Q43464224,0.0
Q434833,0.0
Q438598,0.0
Q43970855,0.0
Q44100328,0.0
Q441532,0.5
Q441594,0.0
Q44162988,0.0
Q44245783,0.0
Q44276389,0.0
Q44307441,0.0
Q443987,0.0
Q44508694,2.0
Q44519807,0.0
Q445705,0.0
Q44589138,0.0
Q44742365,0.5
Q44853914,0.0
Q448547,0.0
Q45029395,0.0
Q450298,1.0
Q454615,0.0
Q45812562,0.0
Q46138822,0.5
Q46351629,0.0
Q46357211,0.0
Q463680,0.0
Q465161,0.0
Q465989,0.0
Q467943,0.0
Q47004998,0.0
Q47005183,0.0
Q4711935,0.0
Q47500025,1.0
Q47500034,0.0
Q47502155,0.0
Q47539353,0.0
Q4761018,0.0
Q47691216,0.0
Q4772161,0.0
Q477464,0.0
Q477845,0.0
Q478161,0.0
Q478227,0.5
Q478276,0.0
Q478305,0.5
Q478345,0.0
Q478387,0.0
Q478531,0.5
Q478596,0.0
Q478702,0.0
Q478711,0.0
Q478714,0.0
Q479064,0.0
Q480092,0.0
Q480148,0.0
Q4892191,0.0
Q48922678,0.0
Q48967,1.9725000000000001
Q497462,0.0
Q49842104,0.0
Q4992021,0.0
Q499449,0.0
Q500381,0.0
Q5015,0.0
Q501926,0.0
Q50353755,0.0
Q50384786,0.0
Q50424583,0.0
Q50824635,0.0
Q50938755,0.0
Q509407,0.0
Q51000135,0.0
Q510080,1.5
Q5106839,0.0
Q5129278,0.0
Q5149523,0.0
Q5162256,0.0
Q517765,0.0
Q5181182,0.0
Q52005725,0.0
Q5242429,0.0
Q52587398,0.0
Q529526,0.0
Q5307191,0.0
Q531614,0.5
Q533809,0.0
Q534727,0.0
Q53537282,0.0
Q542575,0.0
Q54413736,0.0
Q54415314,0.0
Q546246,0.0
Q54670211,0.0
Q5479812,0.0
Q54801007,0.0
Q54821874,0.0
Q54947714,0.0
Q55003337,0.0
Q5506680,0.5
Q5522788,0.0
Q5528262,0.0
Q55334143,0.0
Q55615175,0.0
Q5561727,0.0
Q556667,1.0
Q5573261,0.0
Q55767141,0.0
Q558865,0.0
Q56310930,0.0
Q564328,1.5096
Q56464398,0.0
Q56480652,0.0
Q5661421,0.0
Q566257,0.5
Q5667136,0.0
Q566722,0.0
Q56709363,0.0
Q567098,0.0
Q56808173,0.0
Q5687854,0.0
Q5698518,0.0
Q5698658,0.0
Q57394735,0.0
Q57394737,0.0
Q57394738,0.0
Q57394742,0.5
Q57409691,0.0
Q57414502,0.5
Q574896,0.0
Q5751614,0.0
Q575183,0.0
Q575266,0.0
Q575337,0.0
Q575363,0.0
Q575462,0.0
Q575493,0.0
Q575513,0.0
Q575693,0.0
Q575733,0.0
Q576195,0.0
Q576208,0.0
Q576537,0.0
Q577024,0.5
Q577227,0.0
Q577771,0.0
Q578037,0.0
Q578234,0.0
Q578272,0.0
Q578432,0.0
Q580086,0.0
Q580215,0.0
Q580247,0.0
Q580321,0.0
Q580431,0.0
Q580464,0.0
Q580847,0.0
Q581095,0.0
Q58177508,0.0
Q5829,1.5423
Q58335148,0.0
Q583906,0.0
Q584062,0.0
Q584156,0.0
Q58455083,0.0
Q584897,0.0
Q5866375,0.0
Q5873315,0.0
Q58790423,0.0
Q58832808,0.0
Q58869106,0.0
Q59140652,0.0
Q5919721,0.0
Q5940494,0.5
Q5950140,0.0
Q59615268,0.0
Q59651302,0.0
Q59714815,0.0
Q5981562,0.0
Q5989717,0.0
Q5993770,0.0
Q6003983,0.0
Q6004169,0.0
Q60485089,0.0
Q6055866,0.0
Q60604421,0.5
Q60673734,0.0
Q6069900,0.0
Q6070218,0.0
Q6072133,0.0
Q61014236,0.0
Q61053,0.6597
Q61059727,0.0
Q6119979,0.0
Q61282392,0.0
Q6131460,0.0
Q61415391,0.0
Q61481949,0.0
Q615077,0.0
Q6158878,0.0
Q61596185,0.5
Q61769367,0.0
Q61807649,0.0
Q61903,1.5
Q61951453,0.0
Q61951618,0.0
Q61965546,0.0
Q61995650,0.0
Q62007391,0.0
Q62018287,0.0
Q62027401,0.0
Q62054182,0.0
Q62056697,0.0
Q62077414,0.0
Q62077510,0.0
Q62077701,0.0
Q62079592,0.0
Q62087201,0.0
Q62092107,0.0
Q62107513,0.0
Q62129170,0.0
Q62388344,0.0
Q62556737,0.5
Q62566102,0.0
Q62574792,0.0
Q62589840,0.0
Q62590173,0.0
Q62606907,0.5
Q62631116,0.0
Q62664023,0.0
Q62664129,0.0
Q62764975,0.0
Q62887660,0.0
Q62887718,0.0
Q62887880,0.0
Q62887924,0.0
Q62976462,0.0
Q63106633,0.0
Q63106668,0.0
Q63106728,0.0
Q63140579,0.0
Q63147924,0.0
Q63156942,0.0
Q63248658,2.5
Q63248686,0.0
Q63313474,0.0
Q63313476,0.0
Q63349008,1.0
Q63349080,0.0
Q63351465,0.0
Q63371021,0.0
Q63371085,0.0
Q63371106,0.0
Q63371180,0.0
Q63372854,0.0
Q63381182,0.0
Q63411723,0.0
Q63411806,0.0
Q63436533,0.0
Q63442032,0.0
Q63488161,0.0
Q63488174,0.0
Q63607678,0.5
Q63607760,0.0
Q63610735,0.0
Q637002,0.0
Q6373721,0.0
Q63763125,0.0
Q63763416,0.0
Q63763665,0.0
Q63763869,0.0
Q63763998,0.0
Q63764288,0.0
Q63764370,0.0
Q63764562,0.0
Q63764754,0.0
Q63764906,0.0
Q63764974,0.0
Q63765036,0.0
Q63765243,0.0
Q63765537,0.0
Q63765586,0.0
Q63765634,0.0
Q63765654,1.0
Q63765672,0.0
Q63766059,0.0
Q63766062,0.0
Q63766076,0.0
Q63766396,0.0
Q63766741,0.0
Q63766761,0.0
Q63798,0.0
Q6383803,0.0
Q63861758,0.0
Q63862107,0.0
Q63862138,0.0
Q63862161,0.0
Q63862217,0.0
Q63929106,0.0
Q63929121,0.0
Q63929253,1.0
Q63929279,0.0
Q63929382,0.5
Q63929463,0.0
Q63946040,0.0
Q64076366,0.0
Q64096525,1.5
Q64166732,0.0
Q6417459,0.0
Q64211015,0.0
Q64213621,0.0
Q64415132,0.0
Q64417294,1.0
Q64417364,0.5
Q64417468,0.0
Q64427892,0.0
Q64438308,0.0
Q64439019,0.0
Q64439073,0.0
Q64439092,0.0
Q64439111,0.0
Q64439137,0.0
Q64439195,0.5
Q64439851,0.5
Q64439937,0.5
Q64440032,0.5
Q64441411,0.0
Q64441438,1.0
Q64441511,0.0
Q64441603,1.0
Q64441610,0.0
Q64441613,0.5
Q64441614,0.0
Q64442134,0.0
Q64442264,0.0
Q64442287,0.5
Q64463,1.0
Q64559291,0.0
Q64569137,0.0
Q64617510,0.0
Q6469306,0.0
Q64784895,0.0
Q64787957,0.0
Q64851724,0.0
Q6491442,0.0
Q64954602,0.0
Q64995051,0.0
Q65114,0.0
Q65126,0.0
Q65128,1.0
Q65146312,0.0
Q65146315,0.0
Q65146316,0.0
Q65146321,0.0
Q65146324,0.0
Q65146326,0.0
Q6517082,0.0
Q6523639,1.0
Q65275034,0.0
Q65275040,0.0
Q65275420,0.0
Q65458502,0.0
Q65569133,0.0
Q65574870,0.0
Q65579310,0.0
Q65580703,0.0
Q65592981,0.0
Q65594337,0.0
Q65595002,0.0
Q65602224,0.0
Q65603176,0.0
Q65605995,0.0
Q65606314,0.0
Q65966461,0.5
Q66116008,0.0
Q66144,0.0
Q66312190,0.0
Q66498271,0.0
Q66498531,0.0
Q66500771,0.0
Q66547307,0.0
Q66547767,0.0
Q66661047,0.0
Q66662460,0.0
Q66663372,0.0
Q66663384,0.0
Q66663385,0.0
Q66663387,0.0
Q66663393,0.0
Q66663395,0.0
Q66663396,0.0
Q66663400,0.0
Q66663402,0.0
Q66663404,0.0
Q66663407,0.0
Q66663409,0.0
Q66663410,0.0
Q66663416,0.0
Q66663419,0.0
Q66663420,0.0
Q66663423,0.0
Q66663427,0.0
Q66663428,0.0
Q66663429,0.0
Q66663436,0.0
Q66663439,0.0
Q66663441,0.0
Q66663446,0.0
Q66663449,0.0
Q66663452,0.0
Q66663457,0.0
Q66663460,0.0
Q66663461,0.0
Q66663464,0.0
Q66663475,0.0
Q66663477,0.0
Q66663481,0.0
Q66663483,0.0
Q66663490,0.0
Q66663492,0.0
Q66663500,0.0
Q66663504,0.0
Q66663505,0.0
Q66663510,0.0
Q66663512,0.0
Q66663516,0.0
Q66663521,0.0
Q66762848,1.0
Q6698469,0.0
Q67080238,0.0
Q6712373,0.0
Q67141542,0.0
Q673322,0.0
Q673628,0.0
Q6755549,1.0
Q676658,0.0
Q676947,0.0
Q6775519,0.0
Q67796852,0.0
Q67942617,0.0
Q67954104,0.0
Q6838584,0.0
Q688234,0.0
Q688913,0.0
Q689041,1.0
Q689348,0.0
Q689514,0.5
Q689546,0.0
Q689660,0.0
Q692315,0.0
Q69299892,0.0
Q69346,0.5
Q69352200,0.5
Q69385915,0.0
Q694639,0.0
Q694676,0.0
Q694695,0.0
Q694759,0.0
Q694811,0.0
Q694825,0.0
Q694869,0.0
Q694881,0.0
Q694929,0.0
Q694984,0.0
Q695007,0.0
Q695028,0.0
Q695092,0.0
Q695228,0.0
Q695241,0.0
Q695257,0.0
Q695295,0.0
Q69823248,0.5
Q6989101,0.0
Q70429,0.0
Q70570081,0.0
Q707984,0.0
Q71004072,0.0
Q711098,0.0
Q7150909,0.0
Q71534,0.0
Q7155821,1.5
Q71567030,0.5
Q71635,0.5
Q71706491,0.0
Q71716789,0.5
Q71763,0.5
Q71782088,0.0
Q71788578,0.0
Q71792676,0.0
Q71794148,0.0
Q71795735,0.0
Q71799433,0.0
Q71813085,0.0
Q71813104,0.0
Q71815070,1.0
Q71822625,0.0
Q71825194,1.0
Q71957069,0.0
Q71974203,0.0
Q71977592,0.0
Q71996486,0.0
Q72001882,0.0
Q72012369,0.0
Q72063373,0.0
Q72071743,0.0
Q72072935,0.0
Q72073084,0.0
Q72073444,0.0
Q72074004,0.0
Q72074424,0.0
Q72074591,0.0
Q72076016,0.0
Q72078740,0.0
Q72078872,0.0
Q72079690,0.5
Q72079820,0.0
Q72089261,0.0
Q72112238,0.0
Q72154488,0.0
Q72311413,0.0
Q727587,0.0
Q727798,0.0
Q727852,0.0
Q727933,0.5
Q727981,0.0
Q728119,0.0
Q728167,0.0
Q72837814,0.0
Q73414972,0.0
Q73417223,0.0
Q73549556,0.0
Q73592404,0.0
Q73746500,0.0
Q7380182,0.0
Q73883,0.0
Q7422176,0.5
Q74410576,0.0
Q74429417,0.5
Q74519,1.5
Q74579099,0.0
Q74579100,0.0
Q74579107,0.0
Q74579110,0.0
Q74579112,0.0
Q74579114,0.0
Q74579116,0.0
Q74579117,0.0
Q74579119,0.0
Q74579120,0.0
Q74579123,0.0
Q74579125,0.0
Q74579128,0.0
Q74579131,0.0
Q74579135,0.0
Q74579137,0.0
Q74657043,0.0
Q74657073,0.5
Q747728,0.0
Q748955,0.0
Q749980,0.0
Q750091,0.0
Q750129,0.0
Q750135,0.0
Q750188,0.5
Q750204,1.0
Q750219,0.0
Q750260,0.0
Q750293,0.0
Q750398,0.0
Q750411,0.0
Q75077,2.0
Q75292880,0.0
Q75410647,0.0
Q75427885,0.0
Q75583507,0.0
Q75621688,0.0
Q75621766,0.0
Q75720091,0.0
Q75818967,0.0
Q75818970,0.0
Q75818973,0.0
Q75818976,0.0
Q75818978,0.0
Q75818980,0.0
Q75818988,0.0
Q75838676,0.0
Q75838898,0.0
Q75839196,0.0
Q7609085,1.0
Q7609180,0.0
Q7613711,0.0
Q76237363,0.0
Q76265,0.0
Q76362908,0.0
Q76362924,0.0
Q76362949,0.0
Q76362953,0.0
Q76362964,0.0
Q76362972,0.0
Q76362976,0.0
Q76362999,0.0
Q76363017,0.0
Q76363034,0.0
Q76363044,0.0
Q76363097,0.5
Q76363105,0.0
Q76363111,0.0
Q76363201,0.0
Q76363206,0.0
Q76363249,0.0
Q76363294,0.0
Q76363319,0.0
Q76363401,0.0
Q76363409,0.0
Q76363431,0.0
Q76363439,1.5
Q76363542,0.0
Q76363563,0.0
Q76363567,0.0
Q76363590,0.0
Q76363601,0.0
Q76363641,0.0
Q76363678,0.0
Q76363721,0.0
Q76363854,0.0
Q76363893,0.0
Q76363909,0.0
Q76363918,0.0
Q76363937,0.0
Q76363951,0.0
Q76363973,0.0
Q76364033,0.0
Q76364044,0.0
Q76364048,0.0
Q76364051,0.0
Q76364081,0.0
Q76364111,0.0
Q76364147,0.0
Q76364169,0.5
Q76364263,0.0
Q76364330,0.0
Q76364344,0.0
Q76364469,0.0
Q76364829,0.0
Q76364834,1.0
Q76364848,0.0
Q76364853,0.0
Q76364874,0.5
Q76365836,0.0
Q76435729,0.0
Q76448943,0.0
Q76448969,0.0
Q76448984,0.0
Q76449002,0.0
Q76449003,0.0
Q76449014,0.0
Q76449017,0.0
Q76449027,0.0
Q76450637,0.0
Q76450642,0.0
Q76450645,0.0
Q76450646,0.0
Q76450648,0.0
Q76450655,0.0
Q76450658,0.0
Q76450659,0.0
Q76450664,0.5
Q76450672,0.0
Q76450714,0.0
Q76450717,0.0
Q76450728,0.0
Q76450761,0.0
Q76450765,0.0
Q76450767,0.0
Q76450770,0.0
Q76468675,0.0
Q76708611,0.5
Q76729336,0.0
Q76729340,0.0
Q76729375,0.0
Q76736577,0.0
Q76736580,0.0
Q76736582,0.0
Q76736589,0.0
Q76736645,0.0
Q76736648,0.0
Q76736650,0.0
Q76736652,0.0
Q76736659,0.0
Q76736935,0.0
Q77073222,0.0
Q77073229,0.0
Q77073233,0.0
Q77073241,0.0
Q77074847,0.0
Q77074962,0.0
Q77074968,0.0
Q77193,0.0
Q77195,0.0
Q77477469,0.0
Q77684,0.0
Q77833405,0.0
Q78198,0.0
Q78205,0.0
Q7827256,0.0
Q7852071,0.0
Q78949808,1.5
Q792225,0.0
Q792859,0.0
Q79428679,0.0
Q7983764,0.0
Q80082826,0.5
Q80103374,0.5
Q805606,0.0
Q813059,1.0
Q813168,0.5
Q81616260,0.0
Q81746320,0.0
Q81764989,0.0
Q81764991,0.0
Q81764994,0.0
Q81764996,0.0
Q81764999,0.0
Q81765000,0.0
Q81765003,0.0
Q81765004,0.0
Q81765006,0.0
Q81765009,0.0
Q81765020,0.0
Q81767768,0.0
Q81769140,0.0
Q81769142,0.0
Q81769144,0.0
Q81967,0.0
Q8198110,0.0
Q822671,0.0
Q83978919,0.0
Q84056228,0.5
Q845278,0.0
Q850023,0.0
Q85328250,0.0
Q85365,0.0
Q85551,0.0
Q85773,0.0
Q85806,0.6361
Q85851,0.5
Q85933,0.5
Q86182,0.0
Q86294,0.0
Q867613,0.0
Q87116010,0.0
Q87280096,0.0
Q87353,0.0
Q8772477,0.0
Q8775589,0.0
Q88158,0.0
Q88260,0.0
Q88311083,0.5
Q88346,0.0
Q88977914,0.0
Q890970,0.0
Q89189637,0.0
Q892174,0.0
Q89578,0.0
Q90005677,0.0
Q9012236,0.0
Q9031777,0.0
Q90426,0.0
Q90623,0.0
Q90773,0.0
Q90973,0.0
Q920726,6.5
Q924976,0.0
Q944960,0.0
Q95083672,0.0
Q95140800,0.0
Q95142503,2.5
Q95148584,0.0
Q95231207,0.0
Q95399573,0.0
Q95577352,0.0
Q95680122,0.0
Q96283678,0.5
Q96427,0.0
Q96463563,0.5
Q96631873,0.0
Q966529,1.0
Q9670,0.0
Q96814,0.0
Q97038480,0.0
Q97164708,0.0
Q97165502,0.5
Q97405844,1.5
Q97695863,0.0
Q97704794,0.5
Q97704796,0.0
Q97704921,0.5
Q97704924,0.0
Q97872,0.0
Q98115,0.0
Q98231860,0.0
Q98234433,0.0
Q98236409,0.0
Q98238168,0.0
Q98238527,0.0
Q98249705,0.0
Q983174,0.0
Q984181,0.0
Q98626667,0.0
Q98739468,0.0
Q98819,0.0
Q991377,0.0
Q99450,1.0
Q99627308,0.0
Q99627615,1.5
Q99670641,0.0
Q99676887,0.5
Q99704,0.0